Date,Portfolio_Value,Returns
2020-07-06,1000000.0,
2020-07-07,1008506.2207077611,0.00850622070776108
2020-07-08,1003732.628466819,-0.00473332949557026
2020-07-09,1007334.5225319423,0.0035884995296260325
2020-07-10,1006246.5104810866,-0.0010800901056394752
2020-07-13,1007346.3388221152,0.0010930008994542995
2020-07-14,997557.8977175455,-0.009717056316514983
2020-07-15,1003004.7910840693,0.005460227801300066
2020-07-16,1010428.0837999072,0.007401054094482218
2020-07-17,1019959.2794845252,0.009432829349689253
2020-07-20,1029789.765833097,0.009638116487885817
2020-07-21,1035347.6335346822,0.005397089664305188
2020-07-22,1034804.3650714705,-0.0005247208238231549
2020-07-23,1042504.2172998032,0.007440877221078335
2020-07-24,1037740.9652996697,-0.004569048183297397
2020-07-27,1036941.6721977486,-0.0007702241008576971
2020-07-28,1047914.7504452458,0.010582155719752517
2020-07-29,1048520.9024146891,0.0005784363367209444
2020-07-30,1049906.2195539444,0.0013212107990074884
2020-07-31,1058004.1932196948,0.007713044760503385
2020-08-03,1053559.8210185869,-0.00420071321984361
2020-08-04,1054852.0191963967,0.0012265066985570616
2020-08-05,1059826.2448365625,0.004715567254594877
2020-08-06,1068903.0588148558,0.00856443593703693
2020-08-07,1073152.6313637702,0.003975638870026499
2020-08-10,1080451.8630460324,0.006801671513386065
2020-08-11,1075875.8272721858,-0.004235298147337807
2020-08-12,1066249.5423382362,-0.008947394011404097
2020-08-13,1073385.4515925236,0.0066925320677171385
2020-08-14,1067699.7016945023,-0.005297025303990899
2020-08-17,1069023.1945365,0.0012395740486741413
2020-08-18,1083638.602041837,0.013671740313991876
2020-08-19,1082101.1266078716,-0.0014188082918682454
2020-08-20,1073316.1242780657,-0.008118467039531452
2020-08-21,1077128.1235058187,0.0035516090194926964
2020-08-24,1077424.2330383426,0.00027490650932038285
2020-08-25,1078216.9723094243,0.0007357726388297348
2020-08-26,1080617.4601202519,0.0022263494940966133
2020-08-27,1085467.0926864268,0.004487834728892137
2020-08-28,1091147.5268004045,0.005233170265824594
2020-08-31,1065377.7336684514,-0.023617148459767368
2020-09-01,1068045.1033813106,0.002503684494770342
2020-09-02,1076569.9742478656,0.00798175174397242
2020-09-03,1079539.7995649218,0.002758599429759201
2020-09-04,1062857.7918370392,-0.015452888105288776
2020-09-07,1061734.461382944,-0.0010568962872763432
2020-09-08,1061228.2188417846,-0.00047680711097941586
2020-09-09,1057488.760324197,-0.0035237081442001106
2020-09-10,1064529.4020056138,0.006657887956424746
2020-09-11,1073183.5644162248,0.008129566355148388
2020-09-14,1080324.5397642248,0.0066540110981707645
2020-09-15,1092979.8822145006,0.011714389504692502
2020-09-16,1094623.8322761217,0.0015040991040844442
2020-09-17,1092702.2352856763,-0.0017554861622642859
2020-09-18,1095250.1693505028,0.002331773453506658
2020-09-21,1072484.9503025198,-0.020785405640688426
2020-09-22,1060614.7123729903,-0.011067976223052112
2020-09-23,1057895.156738695,-0.0025641315385968033
2020-09-24,1033467.8971229647,-0.023090435247889007
2020-09-25,1055937.8938185785,0.02174232674103105
2020-09-28,1068341.7802139563,0.011746795401500032
2020-09-29,1070462.582178847,0.0019851343494832197
2020-09-30,1074351.3254822614,0.003632769017950288
2020-10-01,1083839.0558777296,0.008831124577622917
2020-10-05,1093300.651816357,0.008729705658157005
2020-10-06,1102411.0882684055,0.008332965353046173
2020-10-07,1100750.9954464429,-0.0015058745685969654
2020-10-08,1113097.7343086784,0.01121665019001683
2020-10-09,1120354.4592065644,0.006519395983132448
2020-10-12,1121792.888472398,0.0012839055122362275
2020-10-13,1136309.3647340257,0.012940424574624965
2020-10-14,1124582.0132902146,-0.010320562170633929
2020-10-15,1104695.2171697724,-0.017683722383447176
2020-10-16,1110514.7128430526,0.005267964939859038
2020-10-19,1116192.1386947506,0.005112427405093101
2020-10-20,1117274.6496624553,0.0009698249344154419
2020-10-21,1119448.4532770182,0.0019456304814753356
2020-10-22,1118604.8334560094,-0.0007536030967206786
2020-10-23,1119244.6034036651,0.0005719356188360614
2020-10-26,1106926.8731423046,-0.011005396160858716
2020-10-27,1117687.9115772576,0.009721544120077974
2020-10-28,1107361.5489432865,-0.009239039383899805
2020-10-29,1106447.4396544395,-0.0008254840433274957
2020-10-30,1106059.6904681413,-0.00035044519278670805
2020-11-02,1109822.8588512312,0.0034023194367540643
2020-11-03,1117540.9170143474,0.0069543153680444725
2020-11-04,1127245.2981979875,0.008683692056275394
2020-11-05,1142341.3408640889,0.013391976609025358
2020-11-06,1150504.1202080601,0.007145656952060264
2020-11-09,1168539.0878257256,0.01567570884874714
2020-11-10,1155472.282140229,-0.011182172527758327
2020-11-11,1168838.5625767054,0.011567807071683811
2020-11-12,1169595.2015772525,0.000647342605534007
2020-11-13,1175354.6290499703,0.0049242912974942765
2020-11-14,1186047.8990351758,0.009097909448698704
2020-11-17,1189866.0061956511,0.003219184624483784
2020-11-18,1191325.1444908874,0.00122630471636187
2020-11-19,1182789.810689107,-0.0071645711846600735
2020-11-20,1191725.3845374999,0.007554659135241337
2020-11-23,1204015.3062086534,0.01031271283687829
2020-11-24,1205732.1002915269,0.0014258905796469268
2020-11-25,1196413.0308688832,-0.007728971817529295
2020-11-26,1202392.703640737,0.004998000370750821
2020-11-27,1204354.646545899,0.0016316989442979324
2020-12-01,1215508.12119397,0.009260955383914027
2020-12-02,1222275.763926669,0.005567747853507665
2020-12-03,1226598.811193767,0.0035368837333482617
2020-12-04,1233276.132329925,0.00544376945030578
2020-12-07,1241611.1907727956,0.00675846894654808
2020-12-08,1246489.9117639791,0.003929346825673363
2020-12-09,1251317.348654591,0.0038728246775621145
2020-12-10,1248913.9642534812,-0.0019206833531828504
2020-12-11,1250276.9758600688,0.0010913574878652632
2020-12-14,1256535.3040955965,0.005005553454443756
2020-12-15,1252757.6878627462,-0.0030063749267827955
2020-12-16,1260779.7253046986,0.0064035028638604885
2020-12-17,1261372.1039388212,0.000469851015393985
2020-12-18,1268850.74945495,0.005928976463626778
2020-12-21,1238734.2250353221,-0.02373527732285674
2020-12-22,1253946.4093798983,0.012280426290911972
2020-12-23,1271866.7421001357,0.014291147202294852
2020-12-24,1275105.2879358795,0.002546293356485041
2020-12-28,1285736.2790365769,0.008337343748222148
2020-12-29,1289293.8751965144,0.0027669719039142837
2020-12-30,1292824.4733651795,0.0027383967585565827
2020-12-31,1293869.8802085295,0.0008086224115395613
2021-01-01,1299847.8957659623,0.004620260235495444
2021-01-04,1318686.9348810865,0.014493264309223486
2021-01-05,1337771.9593934822,0.014472748616499054
2021-01-06,1338566.4819340454,0.0005939147812035195
2021-01-07,1337150.7429011583,-0.0010576531326569327
2021-01-08,1352777.3582583284,0.01168650239333946
2021-01-11,1362521.859134584,0.007203329370327083
2021-01-12,1367152.5701380472,0.003398632449393757
2021-01-13,1362532.0012448665,-0.00337970245172714
2021-01-14,1362267.2686430544,-0.0001942945938665508
2021-01-15,1350089.6808160958,-0.008939206062763771
2021-01-18,1328080.3460574867,-0.01630212797812436
2021-01-19,1344063.5128164557,0.012034789014396807
2021-01-20,1354694.6781694929,0.007909719482496635
2021-01-21,1346211.2142764395,-0.006262270037494022
2021-01-22,1337915.3705868635,-0.006162364123548647
2021-01-25,1322215.780219106,-0.011734367294749748
2021-01-27,1307024.5940546326,-0.01148918836981061
2021-01-28,1296133.053887519,-0.00833307974207731
2021-01-29,1276003.9188504424,-0.01553014559477739
2021-02-01,1308321.405338447,0.025327105983435905
2021-02-02,1334754.97725441,0.020204188212547658
2021-02-03,1342309.5981645104,0.005659930877830677
2021-02-04,1350887.3618984227,0.006390302017985627
2021-02-05,1346818.1253741588,-0.003012269297230863
2021-02-08,1364166.964102643,0.012881352278849567
2021-02-09,1363708.5126976366,-0.00033606693100651785
2021-02-10,1364778.0350549421,0.000784274899912285
2021-02-11,1373491.710874982,0.0063846835135275
2021-02-12,1377069.709165237,0.002605038138872695
2021-02-15,1387740.8101548324,0.007749136386177691
2021-02-16,1383633.247189844,-0.002959892030940603
2021-02-17,1378932.1639943842,-0.003397636768997625
2021-02-18,1384020.130783481,0.0036897875921309
2021-02-19,1368022.4997352462,-0.011558813844115723
2021-02-22,1347949.2634147005,-0.014673177030663176
2021-02-23,1349514.6224247126,0.0011612892654777607
2021-02-24,1361950.6863529964,0.009215212433889342
2021-02-25,1374156.2302365163,0.008961810442787543
2021-02-26,1340784.4401515252,-0.02428529547855507
2021-03-01,1347029.6405180576,0.004657870556602495
2021-03-02,1368538.8543911758,0.015967884615253114
2021-03-03,1388755.4916644515,0.014772424771432258
2021-03-04,1385371.4188483672,-0.0024367664692569457
2021-03-05,1367335.6617032937,-0.013018716063932012
2021-03-08,1366706.9237955487,-0.00045982703834535066
2021-03-09,1369986.8834240122,0.0023998997673579936
2021-03-10,1377595.3495499352,0.005553678081141378
2021-03-12,1367854.9651872022,-0.007070570008758548
2021-03-15,1364217.4900503287,-0.0026592549864200565
2021-03-16,1366491.6805761296,0.0016670292987646107
2021-03-17,1350837.2838939854,-0.0114559033945556
2021-03-18,1332698.5969247846,-0.013427736401318002
2021-03-19,1341469.577557756,0.0065813685504063635
2021-03-22,1350778.9199077934,0.006939659687986044
2021-03-23,1360420.1132656077,0.0071375065273247
2021-03-24,1340755.937160749,-0.014454487928479698
2021-03-25,1324759.6628961705,-0.01193078756634336
2021-03-26,1334149.4698944273,0.007087932446349532
2021-03-30,1352406.3276493498,0.0136842671431463
2021-03-31,1345257.4542082634,-0.005286039627980799
2021-04-01,1359539.1400556834,0.01061632165853732
2021-04-05,1352839.783285106,-0.004927667452297779
2021-04-06,1357264.1720870985,0.0032704455151730816
2021-04-07,1372852.278646273,0.01148494661522248
2021-04-08,1380233.6306502428,0.005376654224770849
2021-04-09,1384235.5430673193,0.002899445665000444
2021-04-12,1336806.2734568259,-0.03426387210473969
2021-04-13,1338777.9951395935,0.0014749494537222851
2021-04-15,1344239.8481272417,0.0040797301774284644
2021-04-16,1356449.4947109136,0.009082937543238412
2021-04-19,1343061.160322987,-0.009870131132880822
2021-04-20,1338358.1361334638,-0.003501720047054402
2021-04-22,1343128.335350368,0.003564217295891625
2021-04-23,1341590.7838812869,-0.0011447539513638194
2021-04-26,1347003.350589761,0.004034439393520106
2021-04-27,1356534.8581906094,0.007076083067406813
2021-04-28,1364473.1510228608,0.005851890044933805
2021-04-29,1364115.7347863975,-0.0002619444993807729
2021-04-30,1356261.0635877084,-0.005758068027797547
2021-05-03,1359804.7453416274,0.0026128315919833334
2021-05-04,1353185.1180559862,-0.004868071911293459
2021-05-05,1366357.8213376345,0.009734590711854896
2021-05-06,1378549.443796387,0.008922715754513755
2021-05-07,1383253.1198531184,0.0034120474081640317
2021-05-10,1393969.0697188908,0.0077469189926064885
2021-05-11,1391175.3821609996,-0.0020041244949965398
2021-05-12,1388946.5561561284,-0.0016021171977677051
2021-05-14,1375574.6312516308,-0.009627386198000298
2021-05-17,1389389.6234681692,0.010043069930686377
2021-05-18,1406623.1520635446,0.0124036687076714
2021-05-19,1412204.1982445724,0.0039676911138852855
2021-05-20,1408944.80279971,-0.002308019937140693
2021-05-21,1417421.9842606555,0.006016688122984171
2021-05-24,1428337.6730259708,0.007701086117278599
2021-05-25,1427303.5955367822,-0.0007239727052762435
2021-05-26,1436276.3372114643,0.006286498333459178
2021-05-27,1443205.4509492796,0.0048243597407364724
2021-05-28,1443710.7640754285,0.00035013249556148374
2021-05-31,1451694.3751770556,0.0055299242066260135
2021-06-01,1454102.5066188602,0.001658841890539664
2021-06-02,1464496.6225425233,0.0071481314944101815
2021-06-03,1474674.5671722046,0.006949790441995951
2021-06-04,1475431.1766353752,0.0005130687678580603
2021-06-07,1480108.207400205,0.0031699416678285797
2021-06-08,1488173.6112535396,0.005449198790338006
2021-06-09,1476973.4696816984,-0.007526098761022171
2021-06-10,1490560.10605186,0.00919897117250823
2021-06-11,1497240.652418915,0.004481903373054985
2021-06-14,1494429.4959679418,-0.0018775581910840389
2021-06-15,1499519.2744292454,0.003405833781410239
2021-06-16,1491875.648155558,-0.0050973844778332555
2021-06-17,1481382.2294421983,-0.00703370869169484
2021-06-18,1474543.1231851333,-0.004616706020322825
2021-06-21,1479340.1258474984,0.0032532128677276173
2021-06-22,1488243.7658550846,0.006018656461769023
2021-06-23,1476385.0836528202,-0.007968239124758525
2021-06-24,1483123.6090041795,0.004564205792899845
2021-06-25,1493052.2771248058,0.0066944306329888015
2021-06-28,1491106.19950629,-0.0013034222902519321
2021-06-29,1490737.4376839246,-0.00024730755092261525
2021-06-30,1487749.8343992606,-0.0020041109917422473
2021-07-01,1486520.0243733567,-0.0008266242062130447
2021-07-02,1488607.7695375965,0.00140445142346457
2021-07-05,1492753.126039163,0.002784720452489786
2021-07-06,1493660.1307577384,0.000607605305092962
2021-07-07,1497305.5969500265,0.002440626295915571
2021-07-08,1494369.5552787504,-0.0019608833876375575
2021-07-09,1494743.6913861108,0.00025036384476573303
2021-07-12,1493805.4492441737,-0.0006276943313719974
2021-07-13,1493398.5354052647,-0.0002724008264362032
2021-07-14,1502701.0810737775,0.006229111284074218
2021-07-15,1512906.9969660642,0.00679171394818856
2021-07-16,1511156.9490513464,-0.0011567452052421157
2021-07-19,1502544.579244732,-0.005699189493203249
2021-07-20,1492789.0392893134,-0.006492679212434571
2021-07-22,1507745.6174943105,0.010019217592940999
2021-07-23,1512397.8952965236,0.003085585358851617
2021-07-26,1517592.058144556,0.0034343891010335525
2021-07-27,1511115.0321343206,-0.00426796251039574
2021-07-28,1513541.4755225983,0.0016057304286427598
2021-07-29,1518847.0839545494,0.0035054265229959025
2021-07-30,1526221.708669374,0.004855409601619343
2021-08-02,1535081.5034044075,0.005805050920654198
2021-08-03,1545319.3734294525,0.006669268050158994
2021-08-04,1545037.834670587,-0.0001821880730329406
2021-08-05,1548366.605706038,0.0021544915993338964
2021-08-06,1550390.13603319,0.00130688063130191
2021-08-09,1546003.7695030617,-0.0028292017784318224
2021-08-10,1543461.0949722694,-0.001644675505293014
2021-08-11,1536252.9595283316,-0.0046701115223557466
2021-08-12,1551723.4609791846,0.010070282602158587
2021-08-13,1560847.2681055295,0.00587978937985989
2021-08-16,1562069.516164058,0.0007830670453823352
2021-08-17,1575357.2314403844,0.008506481394603194
2021-08-18,1578054.7030429184,0.001712292011423644
2021-08-20,1563528.3760925797,-0.009205211278372039
2021-08-23,1568817.2470858472,0.003382651107672885
2021-08-24,1575345.827775431,0.004161466672877978
2021-08-25,1578736.9335590624,0.0021526103816962294
2021-08-26,1584312.1571325467,0.003531445584740611
2021-08-27,1595442.7888054976,0.007025529421611054
2021-08-30,1609343.2842917957,0.008712625475405078
2021-08-31,1625458.4476647319,0.010013502731350377
2021-09-01,1630933.6828637514,0.0033684252014474225
2021-09-02,1639393.5018926002,0.00518710179189763
2021-09-03,1656009.4482674145,0.010135422859509857
2021-09-06,1662321.517754675,0.0038116144167319455
2021-09-07,1652715.2075470248,-0.00577885210836071
2021-09-08,1652155.9476474314,-0.0003383885481537119
2021-09-09,1657704.2941540678,0.0033582462445731487
2021-09-13,1663838.8223616863,0.003700616707848381
2021-09-14,1669621.6958596602,0.0034756212081681337
2021-09-15,1681959.408528908,0.007389525842795841
2021-09-16,1690156.2405958867,0.00487338280901084
2021-09-17,1682210.350292532,-0.004701275605474953
2021-09-20,1659967.7714432648,-0.01322223397650557
2021-09-21,1675045.8986851005,0.00908338553388055
2021-09-22,1684887.495303248,0.005875419071126986
2021-09-23,1698914.088596708,0.008324943554130604
2021-09-24,1698268.232519713,-0.0003801581735827231
2021-09-27,1684302.03441162,-0.008223788115833353
2021-09-28,1669977.4164789014,-0.00850477980792963
2021-09-29,1665400.5055518523,-0.002740702288477337
2021-09-30,1657335.4149667723,-0.004842733359449514
2021-10-01,1652883.151218587,-0.002686398726521211
2021-10-04,1671193.7617111714,0.011077982420647725
2021-10-05,1684973.2144728238,0.008245275369830996
2021-10-06,1669226.3915547794,-0.009345444059756791
2021-10-07,1687265.8640738206,0.010807085611819645
2021-10-08,1694164.2612805571,0.004088506354345656
2021-10-11,1687036.295501833,-0.00420736403289268
2021-10-12,1691308.7304432625,0.002532509201385258
2021-10-13,1706259.8983653944,0.00883999925797907
2021-10-14,1724960.6378838988,0.010960076795111684
2021-10-18,1734704.8426638425,0.005648943266263418
2021-10-19,1734982.820949788,0.00016024529309466296
2021-10-20,1712059.112804887,-0.013212642723662182
2021-10-21,1699880.7021552585,-0.00711331201039922
2021-10-22,1682947.6373972655,-0.009961325366258822
2021-10-25,1673268.2768248608,-0.00575143299608194
2021-10-26,1688699.024536982,0.009221920911213433
2021-10-27,1693389.7784626796,0.002777732359372731
2021-10-28,1670160.8025296493,-0.013717441919437134
2021-10-29,1659084.9026498161,-0.006631636823866027
2021-11-01,1680572.2852839236,0.01295134600995329
2021-11-02,1683997.0314062655,0.0020378451747247173
2021-11-03,1680492.6316716338,-0.0020810011355573144
2021-11-04,1692318.4087666385,0.007037089524897899
2021-11-08,1707518.8250597918,0.00898200729508769
2021-11-09,1713554.5322103703,0.003534782200932396
2021-11-10,1713570.0734645342,9.069599987476806e-06
2021-11-11,1707028.5551672687,-0.0038174793074202684
2021-11-12,1726196.2007502266,0.01122866136300793
2021-11-15,1732746.0730183837,0.0037943961788993175
2021-11-16,1731039.78042265,-0.000984733206038313
2021-11-17,1727426.1385690698,-0.0020875556382060623
2021-11-18,1707846.0348587676,-0.011334842789007205
2021-11-22,1679765.9995647063,-0.016441783814770794
2021-11-23,1688466.3246005746,0.005179486332097971
2021-11-24,1677521.2915835525,-0.0064822335261032205
2021-11-25,1688477.1831328531,0.006530999996404496
2021-11-26,1653443.2418446476,-0.020748839035658495
2021-11-29,1642920.5947008291,-0.006364081256323595
2021-11-30,1644731.2074868726,0.0011020695655550306
2021-12-01,1654641.7364340052,0.006025622242722406
2021-12-02,1668979.0016993121,0.00866487587591358
2021-12-03,1664967.778271224,-0.0024033995778282025
2021-12-06,1635453.0225340147,-0.017726923080670698
2021-12-07,1654475.286111141,0.01163118922710038
2021-12-08,1678334.7309033384,0.014421155149605847
2021-12-09,1678094.445378916,-0.00014316901151956163
2021-12-10,1682444.5389600394,0.002592281735454449
2021-12-13,1680366.643163299,-0.0012350456425891387
2021-12-14,1680965.4805980786,0.0003563730791824593
2021-12-15,1670148.3427102938,-0.006435074374005589
2021-12-16,1672191.1901020943,0.0012231532610362805
2021-12-17,1654505.1235139447,-0.010576581609110014
2021-12-20,1615837.1707932453,-0.02337131035204887
2021-12-21,1636337.483257765,0.012687115283067651
2021-12-22,1654940.2395314618,0.01136853275319516
2021-12-23,1665812.3900660416,0.006569512466297667
2021-12-24,1665954.3454385512,8.521690278939786e-05
2021-12-27,1671181.2046142751,0.0031374564315254094
2021-12-28,1684145.2086429314,0.007757389798821013
2021-12-29,1681094.8242293291,-0.0018112359895975372
2021-12-30,1679984.4985583262,-0.0006604777166642206
2021-12-31,1696357.8806218298,0.00974615068029161
2022-01-03,1712833.6576603006,0.009712441712141251
2022-01-04,1719837.624520281,0.004089110947030239
2022-01-05,1714860.5849924474,-0.0028939008292843127
2022-01-06,1704986.249848077,-0.005758097906491844
2022-01-07,1712851.0666879513,0.004612833001189864
2022-01-10,1718383.6416314747,0.0032300385311498925
2022-01-11,1724574.484077292,0.003602712628211213
2022-01-12,1730776.0873196644,0.0035960193657222916
2022-01-13,1737008.5803672832,0.00360098171755463
2022-01-14,1741681.37640865,0.0026901398727567916
2022-01-17,1744438.395513377,0.0015829641070239653
2022-01-18,1721340.4181782117,-0.013240924640602003
2022-01-19,1709710.7782025659,-0.006756153433005507
2022-01-20,1701286.7359266595,-0.004927173872508739
2022-01-21,1674751.6789171349,-0.015597051601693446
2022-01-24,1629393.5437889989,-0.027083498825010155
2022-01-25,1638773.2874659272,0.005756585763262878
2022-01-27,1609264.735261037,-0.018006488408485066
2022-01-28,1619869.1142362608,0.006589580162212227
2022-01-31,1640257.4751182245,0.012586424855428158
2022-02-01,1660287.8102179398,0.012211701762414817
2022-02-02,1682770.1653661462,0.013541239663293902
2022-02-03,1667476.0195612856,-0.009088671833882178
2022-02-04,1664784.1632908564,-0.001614329824747629
2022-02-07,1648297.7873066547,-0.00990301106157343
2022-02-08,1646846.7778586154,-0.0008803078298189604
2022-02-09,1665195.1171951988,0.01114149754747773
2022-02-10,1673640.733184436,0.0050718476784046285
2022-02-11,1649133.1821001032,-0.014643256822330253
2022-02-14,1614398.2426691414,-0.021062543527702426
2022-02-15,1642525.1754657025,0.017422549190872383
2022-02-16,1641258.1266852017,-0.0007714029589480642
2022-02-17,1639805.7305159846,-0.0008849285469497703
2022-02-18,1632201.0866595213,-0.004637527308841816
2022-02-21,1621222.5333090525,-0.006726225978036626
2022-02-22,1614764.2910459267,-0.003983563101571219
2022-02-23,1620647.936644573,0.003643656000613671
2022-02-24,1555543.3581739853,-0.040171944194975384
2022-02-25,1591413.0275558033,0.023059253985645567
2022-02-28,1603776.8914954069,0.007769110674299862
2022-03-02,1598733.0018983204,-0.0031450070292404764
2022-03-03,1601623.1378568378,0.0018077664970232998
2022-03-04,1578786.1518724805,-0.014258651392184518
2022-03-07,1561928.8930296241,-0.01067735413239046
2022-03-08,1575748.1899750708,0.008847583911865353
2022-03-09,1599129.0783819202,0.014837959869222095
2022-03-10,1611850.54490722,0.00795524682608617
2022-03-11,1615864.5208875726,0.0024902904261410175
2022-03-14,1627046.5313520932,0.006920141088547771
2022-03-15,1607055.7625105465,-0.0122865378809629
2022-03-16,1634471.5328141933,0.01705962602120148
2022-03-17,1649943.6281275572,0.009466114889578048
2022-03-21,1637856.6079418657,-0.007325717060654102
2022-03-22,1647918.7749418882,0.006143496903960655
2022-03-23,1648642.4211574353,0.00043912735660933677
2022-03-24,1653547.7839338104,0.0029753952181645893
2022-03-25,1647525.733796334,-0.0036418966515440188
2022-03-28,1646967.7166828166,-0.00033870008951630837
2022-03-29,1651178.1863710969,0.0025564980088137457
2022-03-30,1662836.3341888275,0.0070605025635377405
2022-03-31,1664574.1060717055,0.0010450648973374665
2022-04-01,1677525.8869244144,0.0077808376361652165
2022-04-04,1705188.2985878894,0.01649000583483784
2022-04-05,1709907.1151019759,0.002767328697947491
2022-04-06,1702058.5039139283,-0.00459008043111131
2022-04-07,1694191.7423683098,-0.00462191019141156
2022-04-08,1709318.2007238423,0.008928421723026103
2022-04-11,1713030.7886059065,0.002171970017339042
2022-04-12,1692554.3655161061,-0.011953330451500266
2022-04-13,1695435.9701740956,0.001702518227301164
2022-04-18,1669304.22922072,-0.01541299194607293
2022-04-19,1640796.0371950672,-0.01707788881536665
2022-04-20,1645874.172205743,0.0030949215475659653
2022-04-21,1665281.992294004,0.011791800622432458
2022-04-22,1655055.299816033,-0.00614111755564184
2022-04-25,1626984.8990533375,-0.016960400517019414
2022-04-26,1647065.0634731129,0.012341948859795115
2022-04-27,1633072.06353957,-0.00849571777330782
2022-04-28,1648277.7116644895,0.009311069893610302
2022-04-29,1636870.7401797173,-0.006920539787711455
2022-05-02,1629460.0031280138,-0.004527380733123643
2022-05-04,1590631.1838851946,-0.023829255807617855
2022-05-05,1601051.3131796953,0.006550939903648301
2022-05-06,1570728.7978224456,-0.0189391277516453
2022-05-09,1555494.2254926066,-0.009699046933473898
2022-05-10,1532828.8152179117,-0.014571195381658852
2022-05-11,1527450.8148119955,-0.003508545998433421
2022-05-12,1499038.7992592691,-0.018600936460414497
2022-05-13,1488835.1724428483,-0.006806779665384788
2022-05-16,1497427.4136619424,0.005771116493034079
2022-05-17,1530403.234277738,0.022021648805769845
2022-05-18,1532532.6029852906,0.0013913775532221617
2022-05-19,1485374.373406978,-0.030771436435643063
2022-05-20,1507862.8669822034,0.01513994988592926
2022-05-23,1507528.237532565,-0.00022192299907763946
2022-05-24,1494217.386770877,-0.00882958635884279
2022-05-25,1471527.5027283,-0.015185129180976698
2022-05-26,1486384.5099269636,0.010096316359101687
2022-05-27,1502341.91533047,0.010735718313083398
2022-05-30,1537265.5492300957,0.023246128955899836
2022-05-31,1537558.1486986305,0.00019033762168252366
2022-06-01,1524604.9344645014,-0.008424536168009311
2022-06-02,1537052.8134513227,0.008164658729242102
2022-06-03,1526234.317885472,-0.007038467039762075
2022-06-06,1523120.971479962,-0.0020398875644620507
2022-06-07,1508735.254167244,-0.009444894779920165
2022-06-08,1508485.9269152698,-0.00016525580037030085
2022-06-09,1517041.803556187,0.005671830600642913
2022-06-10,1499210.700500798,-0.011753864009277915
2022-06-13,1463160.1808355406,-0.024046332949207883
2022-06-14,1462165.7722869366,-0.000679630679968457
2022-06-15,1462446.568377767,0.0001920412145821615
2022-06-16,1433970.7253306524,-0.01947137328832582
2022-06-17,1419645.3276481698,-0.00999002101607016
2022-06-20,1415877.0894978535,-0.0026543518137440714
2022-06-21,1445741.2836709172,0.02109236345059795
2022-06-22,1429246.4263482525,-0.011409273228182415
2022-06-23,1444342.1297466448,0.010562001849437674
2022-06-24,1454460.9334629627,0.007005821894908726
2022-06-27,1469668.3009512983,0.01045567270901393
2022-06-28,1470955.498474645,0.0008758422036547753
2022-06-29,1459513.259625149,-0.007778779753270126
2022-06-30,1452340.0248580796,-0.004914813017123043
2022-07-01,1465205.266743872,0.008858285019756051
2022-07-04,1471951.5303018999,0.0046043129322215215
2022-07-05,1472146.3036424427,0.00013232320258738106
2022-07-06,1488080.9028627025,0.010824059525085028
2022-07-07,1500575.2466620933,0.008396279916874638
2022-07-08,1504035.4159333198,0.0023058952084697992
2022-07-11,1505600.5204567886,0.0010406035036731875
2022-07-12,1497916.9001116143,-0.0051033592515251636
2022-07-13,1495036.0559866582,-0.0019232336084474833
2022-07-14,1486096.0035117536,-0.005979823990936772
2022-07-15,1491927.9665245614,0.003924351454432484
2022-07-18,1515733.1882325895,0.015956012784908324
2022-07-19,1523047.7376244003,0.004825749972750648
2022-07-20,1535850.5684458301,0.008406060102488455
2022-07-21,1548505.8475422617,0.008239915624889127
2022-07-22,1551670.8920190306,0.002043934468695996
2022-07-25,1549718.7460676318,-0.0012580927833599764
2022-07-26,1528104.9874784618,-0.013946891101378367
2022-07-27,1540846.546244685,0.008338143563845213
2022-07-28,1565015.1753048692,0.01568529268478258
2022-07-29,1584163.1937764338,0.012235036933641474
2022-08-01,1599554.1582326083,0.009715517010267405
2022-08-02,1601261.2469805311,0.0010672278516714595
2022-08-03,1603506.0105190307,0.0014018721446813487
2022-08-04,1611528.7142393324,0.005003226472287903
2022-08-05,1615261.687344778,0.0023164173697070023
2022-08-08,1620825.4135326166,0.003444473568233075
2022-08-10,1618069.3634919575,-0.0017003990791655266
2022-08-11,1632566.214887485,0.008959351015856098
2022-08-12,1636115.9422301133,0.0021743236569875535
2022-08-16,1647666.9181453444,0.007059998388308841
2022-08-17,1662027.871850615,0.008715932538984061
2022-08-18,1666546.3317942924,0.002718642701609042
2022-08-19,1649615.4381646966,-0.010159269686410233
2022-08-22,1623117.6624821012,-0.016063001757595008
2022-08-23,1626290.6451656977,0.001954869173651952
2022-08-24,1629976.3892394456,0.002266350166069131
2022-08-25,1628044.6000062393,-0.001185163936090916
2022-08-26,1633466.5099446333,0.0033303202740104787
2022-08-29,1611359.4030738778,-0.013533859883974486
2022-08-30,1645453.1550258936,0.02115837837727419
2022-09-01,1633708.385136313,-0.007137711489207166
2022-09-02,1631465.8541204254,-0.0013726629772427001
2022-09-05,1636292.6416712787,0.0029585587333396113
2022-09-06,1640513.6422641505,0.0025796122804540023
2022-09-07,1643390.0824323664,0.0017533777800506911
2022-09-08,1652672.5818358194,0.005648384703474729
2022-09-09,1662107.1048710463,0.005708646188555377
2022-09-12,1677023.3375173137,0.0089742908880861
2022-09-13,1684594.1674268893,0.0045144451721128576
2022-09-14,1676768.8100561965,-0.004645247812204878
2022-09-15,1677171.5771896748,0.00024020433291860321
2022-09-16,1633272.1521977358,-0.026174677408675295
2022-09-19,1637510.2908270124,0.0025948759510616703
2022-09-20,1652090.2594048327,0.008903741649438413
2022-09-21,1637507.2474501035,-0.00882700680045334
2022-09-22,1638822.497874029,0.0008032028108415634
2022-09-23,1614166.2862957648,-0.015045077554310837
2022-09-26,1585610.5748064718,-0.01769068759007686
2022-09-27,1588306.449680434,0.0017002124713323408
2022-09-28,1579561.638915283,-0.0055057452967660625
2022-09-29,1576585.6637374735,-0.0018840513117632796
2022-09-30,1590346.0086191641,0.00872793987550935
2022-10-03,1566583.9721878448,-0.01494142551528832
2022-10-04,1603517.1939733378,0.02357564129416767
2022-10-06,1616705.1203500854,0.008224374784575605
2022-10-07,1614743.816444217,-0.0012131488180378014
2022-10-10,1606265.55406255,-0.005250530948207488
2022-10-11,1586035.6911828062,-0.012594345205609758
2022-10-12,1593003.954628527,0.00439350985886322
2022-10-13,1581209.5549537851,-0.007403873443297293
2022-10-14,1586189.1859279904,0.0031492542899227427
2022-10-17,1594004.420477249,0.004927050706556413
2022-10-18,1608675.189230984,0.0092037189892753
2022-10-19,1605891.8390937014,-0.0017302126345425384
2022-10-20,1617011.4290357279,0.006924245874679658
2022-10-21,1607129.3561214407,-0.006111319151392847
2022-10-24,1621389.8498647055,0.008873270648033227
2022-10-25,1617446.888803516,-0.0024318402273940665
2022-10-27,1626714.2992629935,0.005729653643423704
2022-10-28,1621822.0350613366,-0.0030074514030358213
2022-10-31,1633526.7851016114,0.007217037250225822
2022-11-01,1651215.7310821821,0.010828684379038389
2022-11-02,1646803.6057269075,-0.002672046584962562
2022-11-03,1642882.3437732696,-0.0023811351517578627
2022-11-04,1644077.2555487463,0.000727326445503218
2022-11-07,1655940.136375017,0.007215525174521842
2022-11-09,1654523.897852427,-0.0008552474159423396
2022-11-10,1643844.2710410205,-0.006454803599554415
2022-11-11,1670741.0243647245,0.016362105460677734
2022-11-14,1677848.3406398892,0.004253990397983465
2022-11-15,1682362.7423718488,0.0026905898600095846
2022-11-16,1678741.336745026,-0.002152571223562161
2022-11-17,1668115.3275262518,-0.006329747761723348
2022-11-18,1663391.8217796842,-0.0028316421944113435
2022-11-21,1650412.680688744,-0.007802816462722295
2022-11-22,1654758.0824467097,0.002632918305106813
2022-11-23,1657536.8228973933,0.001679242712369744
2022-11-24,1673752.642687998,0.009783082684256428
2022-11-25,1679471.786197343,0.0034169586135262
2022-11-28,1682104.3252386372,0.0015674803607477195
2022-11-29,1687030.2572818913,0.0029284343244020405
2022-11-30,1696802.885841923,0.005792799813666205
2022-12-01,1710209.3917706239,0.00790103908978712
2022-12-02,1712102.4420516395,0.0011069114051909246
2022-12-05,1711285.283873469,-0.000477283460440181
2022-12-06,1704038.3636173566,-0.0042347820812840276
2022-12-07,1700891.228888041,-0.0018468684722771078
2022-12-08,1707096.291604408,0.003648124354444171
2022-12-09,1690943.291695772,-0.009462266415829812
2022-12-12,1689752.1888784864,-0.0007044013972171692
2022-12-13,1694270.2245920866,0.0026737859807708375
2022-12-14,1702484.2975558152,0.0048481480961553025
2022-12-15,1682035.3907700272,-0.012011216088833043
2022-12-16,1663629.2581512653,-0.01094277368940233
2022-12-19,1674255.7922990466,0.006387561468827574
2022-12-20,1675387.8938387616,0.0006761819459859542
2022-12-21,1658735.1883675535,-0.009939611914618895
2022-12-22,1651738.0207294205,-0.004218375354428483
2022-12-23,1609063.3588810752,-0.025836216950131052
2022-12-26,1633465.8073897422,0.015165623139685502
2022-12-27,1645380.508414244,0.007294123311672784
2022-12-28,1646529.1526112722,0.0006981024700087879
2022-12-29,1650843.2172607672,0.0026200961232014652
2022-12-30,1649835.9665453876,-0.000610143170985622
2023-01-02,1650539.8434277088,0.00042663446342183775
2023-01-03,1661897.5331757222,0.006881196957006841
2023-01-04,1647233.094627014,-0.008823912579427273
2023-01-05,1647194.016813779,-2.3723305075828982e-05
2023-01-06,1630937.5775722887,-0.00986917089034578
2023-01-09,1652015.2562160003,0.012923657492205587
2023-01-10,1642057.8879599317,-0.006027406961650161
2023-01-11,1640999.261201783,-0.0006446951510727938
2023-01-12,1642036.3702277166,0.000631998472183426
2023-01-13,1651058.391000105,0.005494409829142288
2023-01-16,1656432.6411300413,0.003255033352685288
2023-01-17,1659106.8055052804,0.0016144117839977934
2023-01-18,1661059.8410254433,0.0011771608154955704
2023-01-19,1657796.2810766804,-0.001964745560730785
2023-01-20,1655516.5447812155,-0.0013751607006768918
2023-01-23,1665679.9760579176,0.0061391299946478295
2023-01-24,1666697.654231313,0.0006109686062287789
2023-01-25,1637049.320239947,-0.017788669658288958
2023-01-27,1596355.823609008,-0.02485783178785006
2023-01-30,1591344.3137266254,-0.003139343878266865
2023-01-31,1596748.4918406971,0.0033959829230270078
2023-02-01,1589313.7728543547,-0.0046561615835765124
2023-02-02,1597493.1539449594,0.0051464860056644746
2023-02-03,1595539.9057973186,-0.0012226957860929089
2023-02-06,1598967.0988152362,0.002147983266018727
2023-02-07,1597172.6651783714,-0.001122245503484387
2023-02-08,1612437.3418101505,0.009557311469561292
2023-02-09,1607809.6662962679,-0.0028699878090688857
2023-02-10,1607008.357090121,-0.000498385613014074
2023-02-13,1586216.8527643327,-0.012938018793776762
2023-02-14,1593109.4774566398,0.004345323075023
2023-02-15,1598631.0833165515,0.003465929955251301
2023-02-16,1613247.2415335008,0.009142921321551256
2023-02-17,1600418.3457803521,-0.007952219240092373
2023-02-20,1600069.055570519,-0.000218249316345287
2023-02-21,1595497.8345238117,-0.0028568898515929364
2023-02-22,1574492.1351159075,-0.013165608221695546
2023-02-23,1569063.2141235396,-0.0034480457992051017
2023-02-24,1566215.7527481848,-0.0018147524903547874
2023-02-27,1552585.4074995075,-0.00870272516718118
2023-02-28,1550135.4956775818,-0.0015779562335778152
2023-03-01,1568068.5237961067,0.011568684265685025
2023-03-02,1561317.6168072824,-0.004305237230628922
2023-03-03,1574868.4688365173,0.008679113002609151
2023-03-06,1586171.4667406206,0.007177105979176535
2023-03-08,1583400.6646045954,-0.0017468490602209341
2023-03-09,1573964.4242384352,-0.00595947733072133
2023-03-10,1568022.2180889684,-0.0037753116004143328
2023-03-13,1554842.6554497061,-0.008405214216495538
2023-03-14,1540475.9537409781,-0.009239971426287297
2023-03-15,1539619.6618225889,-0.000555861918071332
2023-03-16,1543236.4171007988,0.002349122557923522
2023-03-17,1553532.6851024039,0.006671866920395786
2023-03-20,1544937.704444931,-0.005532539315004081
2023-03-21,1547281.585371346,0.0015171362053443271
2023-03-22,1553960.4938908473,0.004316543661248673
2023-03-23,1544885.309242758,-0.005840035627525331
2023-03-24,1540733.4030510578,-0.0026875174272550373
2023-03-27,1535538.335222498,-0.0033718148891119792
2023-03-28,1526095.5623026707,-0.006149486927956804
2023-03-29,1537826.0562929688,0.007686605138015334
2023-03-31,1561635.274923071,0.015482387317260038
2023-04-03,1562790.2468362139,0.0007395913320411562
2023-04-05,1575608.8608809542,0.008202389329400317
2023-04-06,1578509.405210748,0.0018409037939606243
2023-04-10,1580609.6846295681,0.0013305460277188708
2023-04-11,1582300.9818126343,0.0010700283564708535
2023-04-12,1590235.7556900093,0.005014705778849438
2023-04-13,1584801.0762649083,-0.0034175306432743247
2023-04-17,1571986.5299325383,-0.008085902088463714
2023-04-18,1575662.3887850791,0.00233835264014548
2023-04-19,1561295.1766266073,-0.009118204674257502
2023-04-20,1562219.906870873,0.0005922840588437062
2023-04-21,1560749.8770485015,-0.0009409877674110279
2023-04-24,1569919.5579997962,0.005875176468785215
2023-04-25,1573359.6568685817,0.0021912580496599166
2023-04-26,1577722.578126275,0.0027729967770857566
2023-04-27,1585723.5110167086,0.005071191222943305
2023-04-28,1600891.1560059593,0.009565125877162295
2023-05-02,1609947.0774494822,0.005656800220020131
2023-05-03,1610302.37570315,0.00022068939944941413
2023-05-04,1621101.6730443258,0.006706378568472449
2023-05-05,1613809.5625127153,-0.0044982437886923465
2023-05-08,1625159.7891721642,0.0070331883780490045
2023-05-09,1626495.4707087635,0.0008218770520280749
2023-05-10,1630689.802330899,0.0025787539514683377
2023-05-11,1638135.800401387,0.004566164613186929
2023-05-12,1636000.3745660747,-0.0013035707020071508
2023-05-15,1643963.7381592137,0.004867580543953753
2023-05-16,1644118.8711687878,9.436522593131436e-05
2023-05-17,1633791.4875686355,-0.006281409319759623
2023-05-18,1626133.4886651954,-0.004687255969754389
2023-05-19,1633602.28571113,0.004592979049995005
2023-05-22,1652335.3313191251,0.011467323333133272
2023-05-23,1651631.2033004123,-0.00042614111395333776
2023-05-24,1649304.9035497848,-0.001408486195937031
2023-05-25,1653818.1664111519,0.002736463616674678
2023-05-26,1669584.2961240124,0.009533169989947465
2023-05-29,1676268.691310198,0.004003628449131602
2023-05-30,1677396.9441761984,0.0006730739957439003
2023-05-31,1677562.5469767663,9.872606549254925e-05
2023-06-01,1680402.4266704945,0.0016928606917494537
2023-06-02,1686192.1874914449,0.0034454608783338614
2023-06-05,1686031.655370872,-9.520392856976478e-05
2023-06-06,1684721.425638182,-0.0007771086198270494
2023-06-07,1695340.6733923987,0.006303266280473618
2023-06-08,1684119.6610257844,-0.006618736011424153
2023-06-09,1681530.0439484995,-0.001537668098778422
2023-06-12,1688673.8698386303,0.004248408118451508
2023-06-13,1698215.0938957115,0.0056501283211025655
2023-06-14,1699347.178724216,0.0006666321790296248
2023-06-15,1694310.2544223345,-0.00296403487465291
2023-06-16,1706796.206786614,0.007369342380883159
2023-06-19,1705032.835148629,-0.001033147150768965
2023-06-20,1711974.4935309514,0.0040712754846843335
2023-06-21,1710135.1743418656,-0.0010743846920827638
2023-06-22,1695845.433607612,-0.00835591299953986
2023-06-23,1681549.945634393,-0.008429711629324599
2023-06-26,1685612.9277174985,0.0024162125506017595
2023-06-27,1692640.0990343678,0.004168911617440374
2023-06-28,1701378.5319520414,0.005162605401265674
2023-06-30,1720503.138154372,0.011240653295647496
2023-07-03,1725780.582013108,0.003067384035345233
2023-07-04,1726899.9700913578,0.0006486271139660715
2023-07-05,1733543.8066782206,0.0038472619734375435
2023-07-06,1739677.4241702799,0.003538195843929781
2023-07-07,1730941.6861520624,-0.005021470013260587
2023-07-10,1721803.6417628042,-0.005279232953001589
2023-07-11,1728524.7272180147,0.003903514484572268
2023-07-12,1730467.7214029548,0.0011240765922204687
2023-07-13,1728037.3021804965,-0.0014044868866365245
2023-07-14,1755066.7399385176,0.015641698083666666
2023-07-17,1762646.629334615,0.004318861057308387
2023-07-18,1760311.3050636775,-0.0013248964551784148
2023-07-19,1770987.3368346377,0.00606485440401916
2023-07-20,1771233.880949408,0.00013921280499440414
2023-07-21,1748178.251140363,-0.013016705505140225
2023-07-24,1747139.7229711004,-0.0005940630874370356
2023-07-25,1750052.0376987252,0.001666904306126371
2023-07-26,1755590.5503361353,0.003164770257170879
2023-07-27,1756108.9854119862,0.0002953052326191141
2023-07-28,1759475.4867871134,0.0019170230339304872
2023-07-31,1765604.110469643,0.0034832106093849458
2023-08-01,1763198.2482300424,-0.0013626283634787795
2023-08-02,1748657.083061458,-0.008247039255614763
2023-08-03,1744259.030653619,-0.002515102846888162
2023-08-04,1760598.0039035259,0.009367286029635435
2023-08-07,1766088.7393731822,0.0031186764141970524
2023-08-08,1767913.4806633217,0.001033210421117925
2023-08-09,1771309.846933464,0.0019211156582550348
2023-08-10,1762941.7798431092,-0.004724225467860332
2023-08-11,1759038.401581517,-0.0022141277189197117
2023-08-14,1749039.989001915,-0.0056840217761092715
2023-08-16,1750545.3854285995,0.0008606986896528834
2023-08-17,1744945.256133816,-0.0031990768942059544
2023-08-18,1735527.2235260953,-0.005397322680820271
2023-08-21,1742395.7490742528,0.003957601733381333
2023-08-22,1751022.0201529395,0.00495081044778134
2023-08-23,1754884.693599611,0.0022059536671812374
2023-08-24,1756435.097912617,0.0008834793070227054
2023-08-25,1744586.511504563,-0.006745815101357855
2023-08-28,1749954.193374458,0.003076764513824992
2023-08-29,1757219.1492318944,0.0041515120138244654
2023-08-30,1764477.681930609,0.004130692920053525
2023-08-31,1757388.3137222677,-0.004017828211113739
2023-09-01,1771844.0494548024,0.008225692420769759
2023-09-04,1789726.749201782,0.010092705253875067
2023-09-05,1793010.0027611286,0.0018344999094475067
2023-09-06,1797146.9127625432,0.002307243124714198
2023-09-07,1805140.2547363793,0.004447795512470876
2023-09-08,1814760.9527591188,0.005329612476092427
2023-09-11,1827791.9495618118,0.007180558289443528
2023-09-12,1812372.0800881519,-0.008436337339901678
2023-09-13,1816614.09583414,0.0023405876710380635
2023-09-14,1824232.2500946152,0.004193600764160754
2023-09-15,1831671.3891807029,0.004077956129600269
2023-09-18,1828319.2901478114,-0.001830076646221368
2023-09-20,1813807.2710092503,-0.007937354933988505
2023-09-21,1799746.1677581836,-0.007752258729916139
2023-09-22,1799324.368788073,-0.00023436581094982145
2023-09-25,1793590.9191259588,-0.0031864458468797707
2023-09-26,1791924.4605777338,-0.0009291185244386657
2023-09-27,1794359.3863017957,0.0013588327954834334
2023-09-28,1772695.3863459288,-0.012073389601464868
2023-09-29,1781295.8740593854,0.004851644439141323
2023-10-03,1775044.8436831704,-0.0035092600096633397
2023-10-04,1762618.7892017758,-0.00700041721515654
2023-10-05,1768011.5459695985,0.00305951394644155
2023-10-06,1777840.5777814793,0.0055593708278021126
2023-10-09,1765680.7013569926,-0.006839688876750016
2023-10-10,1783245.43626355,0.009947854611005447
2023-10-11,1789134.7828957082,0.0033026001426355034
2023-10-12,1786503.8926302327,-0.0014704818723704216
2023-10-13,1783286.9502851376,-0.0018006914837217503
2023-10-16,1786908.9665490184,0.002031089984313228
2023-10-17,1791705.6386428175,0.0026843404916494507
2023-10-18,1780774.9837217631,-0.006100697952446055
2023-10-19,1777331.3590884858,-0.0019337786439925786
2023-10-20,1770208.4450760123,-0.004007645493931178
2023-10-23,1742791.883667211,-0.015487758791944972
2023-10-25,1729679.0503829727,-0.007524038531007027
2023-10-26,1718022.1107915095,-0.006739365657971175
2023-10-27,1739679.8229104257,0.012606189398190137
2023-10-30,1744456.8978003457,0.002745950620918425
2023-10-31,1744391.1117115857,-3.771150140940982e-05
2023-11-01,1735678.7606463355,-0.004994494071172806
2023-11-02,1753024.3860242844,0.009993568954827614
2023-11-03,1765145.7324803548,0.006914533849446736
2023-11-06,1776210.240844654,0.006268325702915911
2023-11-07,1783073.081375657,0.0038637546238555753
2023-11-08,1786512.2287613335,0.0019287753382621897
2023-11-09,1779497.9578030112,-0.003926237304955671
2023-11-10,1782174.4600216523,0.0015040771510328454
2023-11-13,1786877.7878380276,0.0026390950616126396
2023-11-15,1809522.0889361664,0.012672551672118892
2023-11-16,1822844.1544166678,0.0073622010816865036
2023-11-17,1827499.706201923,0.002554004287187661
2023-11-20,1826168.1987236138,-0.0007285951805029445
2023-11-21,1827854.7897489555,0.0009235682816735036
2023-11-22,1827200.8357290127,-0.00035777131947811736
2023-11-23,1827677.3933238476,0.0002608129251673308
2023-11-24,1824301.857754385,-0.0018468990106200733
2023-11-28,1834495.655220075,0.005587780016974797
2023-11-29,1855002.5361036556,0.011178484301790581
2023-11-30,1865650.7586136542,0.005740273828608755
2023-12-01,1878507.1000662139,0.006891076153027198
2023-12-04,1909845.091696756,0.016682391900162408
2023-12-05,1919566.9472102243,0.0050903895586793535
2023-12-06,1937145.9057191485,0.009157773077137055
2023-12-07,1944000.6882853778,0.0035385990007215096
2023-12-08,1944114.4277710938,5.8507945188246424e-05
2023-12-11,1954243.6372747673,0.005210192033442418
2023-12-12,1944994.6125325116,-0.004732789999077891
2023-12-13,1947905.6740952295,0.0014966938951710418
2023-12-14,1980580.1637338572,0.016774164207825182
2023-12-15,2006070.2696754688,0.012870019809527289
2023-12-18,2012261.8213553848,0.0030864081749826244
2023-12-19,2008549.9648259438,-0.0018446190699681342
2023-12-20,1969212.2362666395,-0.019585138158469073
2023-12-21,1985417.6805619032,0.008229404630344384
2023-12-22,2003155.4300810562,0.008934014083189279
2023-12-26,2013960.7548543364,0.005394151951974457
2023-12-27,2025292.851903359,0.005626771535496955
2023-12-28,2032416.9843647978,0.0035175813980401482
2023-12-29,2035256.606243415,0.0013971650013073766
2024-01-01,2040849.8828735605,0.0027481923473371417
2024-01-02,2032389.9509135417,-0.004145298500890737
2024-01-03,2028154.4714196585,-0.002083989586732282
2024-01-04,2040041.383339766,0.005860949985622588
2024-01-05,2043565.7924221582,0.0017276164646338188
2024-01-08,2025638.0422292813,-0.008772778571336293
2024-01-09,2031194.2264867218,0.0027429304454242853
2024-01-10,2035336.5441179373,0.0020393508297729124
2024-01-11,2045026.3663687473,0.004760796084958718
2024-01-12,2070804.6953161214,0.012605377305304533
2024-01-15,2085666.3911970886,0.007176773316470708
2024-01-16,2078131.1312708545,-0.0036128788180305182
2024-01-17,2056508.16364201,-0.010405006355696744
2024-01-18,2048894.6512796017,-0.003702155185674072
2024-01-19,2068584.1290159856,0.009609804839935121
2024-01-23,2029190.1056950907,-0.019043955122886147
2024-01-24,2055647.670272391,0.013038484912303083
2024-01-25,2051549.8882974237,-0.001993426224847328
2024-01-29,2069562.9690625153,0.008780230433509173
2024-01-30,2063329.6578017212,-0.0030118973686592554
2024-01-31,2078528.9276893826,0.007366379788217969
2024-02-01,2082264.2852816347,0.001797115999922383
2024-02-02,2101337.125272271,0.00915966341326202
2024-02-05,2091054.3325574878,-0.004893452169627999
2024-02-06,2119999.7610206115,0.013842504239343079
2024-02-07,2134821.9545545843,0.00699160151170819
2024-02-08,2132264.9752499512,-0.0011977482708466214
2024-02-09,2131895.5973649607,-0.0001732326372556603
2024-02-12,2109106.8074610736,-0.010689449301388931
2024-02-13,2122393.376247318,0.006299618748202951
2024-02-14,2132878.571535025,0.004940269511322093
2024-02-15,2148441.1239833194,0.007296501852467996
2024-02-16,2165247.3977309754,0.007822543312937746
2024-02-19,2168846.3871863238,0.00166216085012727
2024-02-20,2168806.695603201,-1.8300781169711122e-05
2024-02-21,2154019.296260219,-0.006818219149249405
2024-02-22,2175724.3476027497,0.010076535238200846
2024-02-23,2176902.0235362663,0.0005412799350312802
2024-02-26,2172125.0348173482,-0.0021943976657057274
2024-02-27,2173767.4308050014,0.0007561240542450776
2024-02-28,2153096.838183713,-0.009509109543348604
2024-02-29,2166278.526911726,0.006122199658763483
2024-03-01,2180753.3686291724,0.0066818931811514215
2024-03-04,2191583.4950754396,0.004966231671156285
2024-03-05,2189966.0749996942,-0.0007380143532654815
2024-03-06,2192077.886417499,0.0009643123890878957
2024-03-07,2206604.556839413,0.006626895199264515
2024-03-11,2203558.501012507,-0.001380426691073744
2024-03-12,2182762.1671050745,-0.009437613704322723
2024-03-13,2134394.7642537067,-0.022158805746352095
2024-03-14,2170742.9938083086,0.017029759519350707
2024-03-15,2156501.5315430285,-0.006560639516470457
2024-03-18,2156688.486659319,8.669370902647522e-05
2024-03-19,2120984.3286663876,-0.016555083505934043
2024-03-20,2124547.6191245257,0.0016800173438238364
2024-03-21,2157899.1802809443,0.015698194220829853
2024-03-22,2153159.7251725616,-0.0021963283325245886
2024-03-26,2160010.888361955,0.0031819112671005456
2024-03-27,2164105.8566936636,0.001895809115487479
2024-03-28,2182380.7048796983,0.008444526005745079
2024-04-01,2214032.2586889346,0.014503222897116474
2024-04-02,2225013.6562359873,0.0049599085577711755
2024-04-03,2231931.95264974,0.0031093276188949304
2024-04-04,2234672.4293854465,0.0012278495912265708
2024-04-05,2241627.823637117,0.0031124894012244386
2024-04-08,2252754.169903907,0.0049635118503914555
2024-04-09,2251091.9241831545,-0.000737872664030359
2024-04-10,2266074.2724435707,0.006655591492938706
2024-04-12,2257679.5615495252,-0.003704517100842075
2024-04-15,2224613.773101919,-0.014645917432548394
2024-04-16,2214972.296184596,-0.004334000370715629
2024-04-18,2208930.408103912,-0.0027277488260649685
2024-04-19,2211067.017385841,0.0009672596629075603
2024-04-22,2229041.8317508986,0.008129475146487986
2024-04-23,2229229.8403341295,8.434502240062258e-05
2024-04-24,2237475.8248445773,0.0036990284093862957
2024-04-25,2248045.079868485,0.004723740433996371
2024-04-26,2258638.933384946,0.004712473789485028
2024-04-29,2268119.1990819015,0.0041973356417563945
2024-04-30,2271820.613350239,0.0016319311039014739
2024-05-02,2290406.014946912,0.008180840286181379
2024-05-03,2282562.718834137,-0.0034244129912297527
2024-05-06,2269395.033416747,-0.005768816474894356
2024-05-07,2249822.0478709107,-0.008624759135199
2024-05-08,2261161.3343889555,0.005040081516125117
2024-05-09,2229911.0127679016,-0.01382047408372955
2024-05-10,2243856.2889662064,0.006253736637227947
2024-05-13,2252541.4255715134,0.0038706296156374442
2024-05-14,2272079.4278968372,0.008673759382856527
2024-05-15,2280571.516738357,0.0037375844951779147
2024-05-16,2299272.3267518603,0.008200054186526362
2024-05-17,2316769.3311817646,0.007609800816687828
2024-05-21,2341547.232207233,0.010695022888976835
2024-05-22,2346655.9578835694,0.0021817734897966456
2024-05-23,2362473.3061794355,0.006740378044224116
2024-05-24,2366838.0806963043,0.001847544480376495
2024-05-27,2370455.742587113,0.0015284788259550819
2024-05-28,2357418.493403977,-0.005499891412824809
2024-05-29,2341393.7379808063,-0.00679758620202886
2024-05-30,2320642.2377410657,-0.00886288363341936
2024-05-31,2321756.551545002,0.00048017474896133727
2024-06-03,2391182.3454010417,0.02990227111013888
2024-06-04,2356536.547013553,-0.014488982178261334
2024-06-05,2312796.943090748,-0.018560969902306934
2024-06-06,2354539.764613669,0.018048632262172237
2024-06-07,2391733.4605797557,0.015796588583921967
2024-06-10,2393517.3357370705,0.0007458503159805119
2024-06-11,2393669.323924033,6.349993154142197e-05
2024-06-12,2405679.9439150356,0.005017660489258002
2024-06-13,2421498.381403852,0.0065754538665161455
2024-06-14,2438770.828654426,0.007132958412535029
2024-06-18,2449772.6617767895,0.004511220567794627
2024-06-19,2444215.163956841,-0.0022685769608995487
2024-06-20,2448004.67111993,0.0015503983523916798
2024-06-21,2442153.8343808185,-0.0023900431270154066
2024-06-24,2446935.7016963945,0.001958053275865179
2024-06-25,2453211.409469092,0.0025647211605710485
2024-06-26,2452655.7990562916,-0.00022648289122395582
2024-06-27,2461837.8672225596,0.003743724728843434
2024-06-28,2466446.621179263,0.0018720785873291845
2024-07-01,2488053.0767805995,0.008760155365132416
2024-07-02,2492912.6011992213,0.0019531433890911387
2024-07-03,2507216.331247556,0.005737758331942233
2024-07-04,2520796.4076464763,0.005416395956611808
2024-07-05,2531416.4393113456,0.004212966835661414
2024-07-08,2531763.878896361,0.00013725105819029082
2024-07-09,2537940.368776492,0.002439599494887812
2024-07-10,2532384.602244338,-0.0021890847399350655
2024-07-11,2537124.9196083164,0.0018718789238321154
2024-07-12,2553235.880718787,0.00635008587316932
2024-07-15,2566488.5039300686,0.0051905205121707265
2024-07-16,2563027.871633675,-0.0013483918946429752
2024-07-18,2560783.8409138727,-0.0008755389454161433
2024-07-19,2522234.7624663403,-0.01505362453153225
2024-07-22,2534189.776506733,0.004739849842011923
2024-07-23,2521353.5741237123,-0.005065209599541154
2024-07-24,2519622.3100272855,-0.0006866407449531708
2024-07-25,2520685.583556519,0.0004219971878332007
2024-07-26,2564372.0441023847,0.017331181973210263
2024-07-29,2575017.00931577,0.004151100164216492
2024-07-30,2571926.5453238147,-0.001200172263241317
2024-07-31,2584093.7510190126,0.0047307749582972125
2024-08-01,2579557.0834650937,-0.001755612601953782
2024-08-02,2551386.4357164153,-0.010920730511936205
2024-08-05,2495502.289850951,-0.02190344241199671
2024-08-06,2458807.447996289,-0.014704391177638998
2024-08-07,2505996.054169083,0.019191663914654544
2024-08-08,2491041.25761807,-0.005967605785385577
2024-08-09,2517681.058884562,0.01069424329485602
2024-08-12,2514513.9654912804,-0.0012579406681022531
2024-08-13,2495752.965917709,-0.007461083863937179
2024-08-14,2505568.7100346177,0.003932979045183416
2024-08-16,2546504.993191546,0.01633812036085125
2024-08-19,2562353.0236147842,0.006223443686782737
2024-08-20,2584757.0503453985,0.008743536321552003
2024-08-21,2588193.5330937756,0.0013295186671096193
2024-08-22,2598954.403966333,0.004157676284622491
2024-08-23,2589528.23322866,-0.003626908853532451
2024-08-26,2606708.315459024,0.006634444842079867
2024-08-27,2607407.927455441,0.0002683890607428907
2024-08-28,2620051.991115892,0.004849284811675014
2024-08-29,2619348.3200567937,-0.0002685714105995496
2024-08-30,2628231.4990703375,0.003391369885984208
2024-09-02,2632220.9829896432,0.0015179347484104433
2024-09-03,2633366.669194675,0.0004352545673163011
2024-09-04,2630747.6510408088,-0.0009945512656872602
2024-09-05,2630341.594440272,-0.0001543502663116092
2024-09-06,2606507.7363506155,-0.009061126562433519
2024-09-09,2602643.9761414696,-0.001482351329812559
2024-09-10,2618389.1050788127,0.006049666831760003
2024-09-11,2607113.840595012,-0.004306183699714583
2024-09-12,2638955.3681095284,0.012213324565546912
2024-09-13,2647199.9922872395,0.0031241999305267054
2024-09-16,2649292.9826157573,0.0007906430698911837
2024-09-17,2647785.386856745,-0.000569055883552605
2024-09-18,2629371.448071605,-0.006954468015627047
2024-09-19,2620301.8857461535,-0.0034493271508303502
2024-09-20,2647306.146975085,0.010305782465687807
2024-09-23,2672755.78802874,0.009613410629796038
2024-09-24,2678000.570785567,0.001962312748631456
2024-09-25,2671712.6951440517,-0.0023479739736093075
2024-09-26,2686329.6478738324,0.00547100470658668
2024-09-27,2697817.547466513,0.004276429589262332
2024-09-30,2679100.652495167,-0.006937791248678882
2024-10-01,2683390.851388992,0.0016013578623217395
2024-10-03,2646775.3298862306,-0.013645243473871194
2024-10-04,2637508.4673806382,-0.003501189693343121
2024-10-07,2596562.00665756,-0.01552467460464424
2024-10-08,2619620.40508286,0.00888035732101855
2024-10-09,2636064.0168574248,0.006277097148372768
2024-10-10,2630990.795584235,-0.00192454403259823
2024-10-11,2633878.040422829,0.0010973983046387303
2024-10-14,2651139.2820292446,0.006553546269608024
2024-10-15,2654194.091039766,0.0011522627389772833
2024-10-16,2645855.355178672,-0.003141720452639385
2024-10-17,2614206.553746977,-0.011961652162787217
2024-10-18,2618902.8101034295,0.0017964366089286976
2024-10-21,2593570.540001776,-0.009672856130408691
2024-10-22,2542896.5279603302,-0.01953832034250791
2024-10-23,2551240.98048894,0.0032814754500856136
2024-10-24,2542447.922722955,-0.003446580637905927
2024-10-25,2519240.1235885234,-0.00912813156447112
2024-10-28,2531698.864624355,0.004945436093676037
2024-10-29,2547363.065269646,0.006187229004273709
2024-10-30,2541753.2098657833,-0.00220222059444386
2024-10-31,2515886.4938801024,-0.010176722069349498
2024-11-01,2518002.3148729713,0.0008409842804972811
2024-11-04,2498194.860189769,-0.007866336963316733
2024-11-05,2510678.0679754843,0.0049968911491424794
2024-11-06,2563413.70948006,0.021004541433342627
2024-11-07,2537170.1399196135,-0.010237742531918226
2024-11-08,2523673.1662534704,-0.005319695929643431
2024-11-11,2535365.790533593,0.004633176924998095
2024-11-12,2494735.425038901,-0.016025445182858866
2024-11-13,2459666.710712199,-0.01405708756717372
2024-11-14,2461586.1991154756,0.0007803855680597049
2024-11-18,2451612.4706299524,-0.0040517486200999375
2024-11-19,2466470.202276113,0.006060391609258975
2024-11-21,2450324.708103172,-0.006545991984027055
2024-11-22,2500886.296711977,0.020634648314812765
2024-11-25,2537438.80755653,0.014615822755560615
2024-11-26,2542592.8095812984,0.0020311827853423114
2024-11-27,2557497.7256682217,0.005862093226550735
2024-11-28,2541753.631621727,-0.0061560539774796474
2024-11-29,2555766.143107769,0.00551293064430558
2024-12-02,2567899.002967901,0.004747249623308081
2024-12-03,2589328.3943656515,0.008345106786903589
2024-12-04,2600503.9173137173,0.004315992893131559
2024-12-05,2618082.4232002106,0.006759653684602629
2024-12-06,2626167.42876728,0.003088140195825817
2024-12-09,2623368.6996225854,-0.0010657085736565097
2024-12-10,2636573.459884748,0.005033512927123951
2024-12-11,2641791.3783881343,0.001979052957475469
2024-12-12,2642711.806916101,0.00034841075472358263
2024-12-13,2645970.1801390047,0.0012329657794605264
2024-12-16,2644832.7464345302,-0.00042987396948468426
2024-12-17,2616626.963147247,-0.010664486563585873
2024-12-18,2595158.016513558,-0.00820481747534485
2024-12-19,2569931.358352052,-0.009720663636273108
2024-12-20,2509968.4021617877,-0.023332512751902845
2024-12-23,2519709.6321680276,0.0038810169872456335
2024-12-24,2517580.6655070344,-0.0008449253968844106
2024-12-26,2521681.715489396,0.001628964679682099
2024-12-27,2514790.8480951735,-0.0027326475628923763
2024-12-30,2504205.5530517926,-0.004209214874230538
2024-12-31,2497083.6078567584,-0.002843993851205595
2025-01-01,2503336.2176497425,0.0025039649346585424
2025-01-02,2538033.7075495888,0.013860499302974949
2025-01-03,2532446.0910745137,-0.002201553296338865
2025-01-06,2478903.25205212,-0.021142735954420955
2025-01-07,2476628.0241135494,-0.0009178365217307194
2025-01-08,2467137.914322528,-0.0038318672399009213
2025-01-09,2444053.190565241,-0.009356884194950288
2025-01-10,2434635.3254091684,-0.00385337978421596
2025-01-13,2375802.741000167,-0.024164844646338834
2025-01-14,2391018.5847168257,0.006404506339719562
2025-01-15,2404964.2246105974,0.005832510036898553
2025-01-16,2422408.9793034196,0.007253644155827965
2025-01-17,2422028.8742099903,-0.00015691202298073748
2025-01-20,2429387.499563564,0.0030382071130237165
2025-01-21,2384962.7060580966,-0.018286417260913845
2025-01-22,2387648.3417643295,0.0011260703152342622
2025-01-23,2408463.461719469,0.008717833188014001
2025-01-24,2389756.996090222,-0.00776697090347056
2025-01-27,2335304.96077449,-0.022785595106455836
2025-01-28,2339872.7550301002,0.001955973344952344
2025-01-29,2380551.4747940577,0.0173850136408098
2025-01-30,2377986.3614765494,-0.0010775290283232541
2025-01-31,2407985.139679599,0.01261520195785426
2025-02-01,2404035.038979521,-0.001640417390866289
2025-02-03,2390546.470651756,-0.005610803548641519
2025-02-04,2424482.1874724054,0.014195798842344676
2025-02-05,2438100.1586678945,0.005616857597822378
2025-02-06,2429665.6189905824,-0.0034594721826032293
2025-02-07,2428088.042672363,-0.0006492977082479534
2025-02-10,2402206.4605297646,-0.010659243687931919
2025-02-11,2356788.577817357,-0.01890673572761581
2025-02-12,2353041.3776211054,-0.0015899602669162682
2025-02-13,2351331.0860562436,-0.0007268429621033468
2025-02-14,2324209.252543294,-0.01153467228574756
2025-02-17,2316298.332265858,-0.0034037039775051126
2025-02-18,2323121.0132175786,0.0029455104537619015
2025-02-19,2335227.5889053596,0.005211340958520827
2025-02-20,2348658.2744918717,0.005751339034499647
2025-02-21,2329626.866019982,-0.00810309812993426
2025-02-24,2300564.5954952706,-0.012475075278627124
2025-02-25,2287800.0422154367,-0.0055484437623825045
2025-02-27,2273199.0430112327,-0.006382113355529406
2025-02-28,2214798.871761515,-0.02569074249316816
2025-03-03,2225390.1245936565,0.004782038209960815
2025-03-04,2234186.1574932346,0.003952580180153431
2025-03-05,2275306.210225638,0.0184049357724696
2025-03-06,2291717.511926382,0.007212788163188044
2025-03-07,2283515.302752209,-0.003579066412630505
2025-03-10,2261233.5332465046,-0.009757661566291764
2025-03-11,2261834.769186922,0.0002658884770534442
2025-03-12,2249485.9269709694,-0.005459657082020897
2025-03-13,2241936.6597858733,-0.003355996627754654
2025-03-17,2254412.5327312443,0.005564774941751782
2025-03-18,2259869.02981071,0.002420363176767415
2025-03-19,2317725.3722959133,0.025601635193013506
2025-03-20,2335870.4394767573,0.007828825363753067
2025-03-21,2346688.650476759,0.004631340341986201
2025-03-24,2373635.9492769013,0.011483116345522681
2025-03-25,2361593.029667112,-0.005073616960283189
2025-03-26,2349312.5560562983,-0.005200080393421902
2025-03-27,2368787.083126792,0.008289457705527692
2025-03-28,2354773.3215788924,-0.005916007245953758
2025-04-01,2339083.5905811056,-0.006662947492231175
2025-04-02,2359011.8590216325,0.00851969058342883
2025-04-03,2340172.2591365846,-0.007986225170085182
2025-04-04,2289394.933211359,-0.021698114626809484
2025-04-07,2232348.7234478286,-0.024917592389143373
2025-04-08,2258964.1441263384,0.0119226088643547
2025-04-09,2249312.961532867,-0.004272392998607821
2025-04-11,2284543.519425609,0.01566280837537737
2025-04-15,2333532.707127222,0.02144375332973736
2025-04-16,2350124.732234437,0.007110260360413623
2025-04-17,2369266.5778229977,0.008145033889482622
2025-04-21,2413168.175309791,0.018529614986225962
2025-04-22,2420769.640000673,0.0031499937586845217
2025-04-23,2439749.6372861336,0.007840480552893547
2025-04-24,2433560.7894848017,-0.0025366733154702503
2025-04-25,2402794.9114077324,-0.012642329795091167
2025-04-28,2417480.734778215,0.00611197539197339
2025-04-29,2424172.70525742,0.0027681587625221216
2025-04-30,2409180.356122701,-0.006184521879239235
2025-05-02,2405365.546314195,-0.001583447166506713
2025-05-05,2433947.2729847934,0.011882487763406724
2025-05-06,2407287.1991657163,-0.010953431126050406
2025-05-07,2413107.6899708305,0.0024178630647524457
2025-05-08,2384252.4838160686,-0.011957695164077298
2025-05-09,2373789.487857071,-0.00438837582429652
2025-05-12,2459169.874227916,0.03596796885637965
2025-05-13,2447871.908982276,-0.0045942191159881185
2025-05-14,2461216.4972288054,0.0054515059376931685
2025-05-15,2477424.2118608826,0.00658524540621519
2025-05-16,2496256.354258549,0.0076015009086880525
2025-05-19,2497855.0671666716,0.0006404442017324818
2025-05-20,2467025.142256776,-0.01234255954844743
2025-05-21,2489323.290802377,0.009038476407744689
2025-05-22,2477213.569047393,-0.004864664143756414
2025-05-23,2492226.0770278764,0.006060239685452995
2025-05-26,2504303.1776720905,0.004845908946838673
2025-05-27,2493686.967422856,-0.004239187309223014
2025-05-28,2491211.188710897,-0.0009928185631564723
2025-05-29,2493913.559100438,0.0010847616620328626
2025-05-30,2488672.481366579,-0.0021015474713363957
2025-06-02,2494397.2404810474,0.002300326442041367
2025-06-03,2483388.547973455,-0.004413367818459246
2025-06-04,2490568.549402451,0.0028912114597836602
2025-06-05,2500261.4972994346,0.003891861518651618
2025-06-06,2521123.8560146424,0.008344070705300854
2025-06-09,2540828.4329298614,0.007815790909363685
2025-06-10,2553926.1429452286,0.005154897452191998
2025-06-11,2554327.096899753,0.00015699512518474457
2025-06-12,2527317.660448003,-0.010573992847091485
2025-06-13,2519573.440028373,-0.0030642053988010343
2025-06-16,2539310.799886696,0.00783361165217733
2025-06-17,2528173.561476478,-0.0043859296036999895
2025-06-18,2521492.5492506763,-0.002642624038003083
2025-06-19,2497482.564126267,-0.009522132092575242
2025-06-20,2522561.49553569,0.010041684282267038
2025-06-23,2517855.483973344,-0.0018655686177222464
2025-06-24,2526440.086639686,0.00340948983012912
2025-06-25,2542176.8888278035,0.006228844400996136
2025-06-26,2555259.9206569213,0.005146389256630579
2025-06-27,2560404.897498644,0.002013484734030513
2025-06-30,2565898.5279764747,0.002145610049097302
2025-07-01,2567395.8884584107,0.0005835618461174086
2025-07-02,2564748.073371603,-0.00103132325587596
2025-07-03,2556876.621671248,-0.0030690935230949234
2025-07-04,2566300.0758782877,0.0036855334071144163
2025-07-07,2562228.577343192,-0.0015865247300443919
2025-07-08,2566880.618455455,0.0018156229906260979
2025-07-09,2560145.2236523125,-0.0026239610657060597
2025-07-10,2554376.855228113,-0.002253141099539002
2025-07-11,2533705.6312648216,-0.008092472307280385
2025-07-14,2536111.032743334,0.0009493610657964613
2025-07-15,2546699.8806451065,0.0041752304079205604
2025-07-16,2552269.5219530594,0.002187003404006127
2025-07-17,2542020.1493828357,-0.004015787706613594
2025-07-18,2532735.717621339,-0.0036523832290435987
2025-07-21,2540639.487252952,0.003120645228249952
2025-07-22,2534897.422422827,-0.002260086430575514
2025-07-23,2543414.8821714413,0.0033600806380849058
2025-07-24,2524883.3640009137,-0.00728607758821731
2025-07-25,2494257.722056765,-0.012129527399483253
2025-07-28,2481337.169857103,-0.005180119153448182
2025-07-29,2495145.560281293,0.005564898874660162
2025-07-30,2498339.501711975,0.0012800621661213096
2025-07-31,2487733.5386058963,-0.004245204904621991
2025-08-01,2460311.6672565234,-0.01102283300193796
2025-08-04,2486604.1464593224,0.010686645741967205
2025-08-05,2480096.853939531,-0.002616939463025214
2025-08-06,2461115.9658919256,-0.007653284998710763
2025-08-07,2469573.556668146,0.003436486087381674
2025-08-08,2447722.70845901,-0.008848024854386849
2025-08-11,2463263.575942362,0.006349112760871689
2025-08-12,2460799.290855032,-0.0010004146983692008
2025-08-13,2472781.009338181,0.0048690352470746046
2025-08-14,2474487.6724624257,0.0006901796470450972
2025-08-18,2490663.0177690573,0.006536846187047418
2025-08-19,2500347.4338532574,0.0038882883855058115
2025-08-20,2516297.125009473,0.006378989951662639
2025-08-21,2514970.2794830753,-0.0005273008156351233
2025-08-22,2499224.2708400404,-0.006260912413752817
2025-08-25,2516679.196022135,0.006984137192388884
2025-08-26,2492814.469558331,-0.009482625557331481
2025-08-28,2467555.2554743164,-0.010132809477991445
2025-08-29,2462303.5710613015,-0.0021282945544437437
2025-09-01,2491861.175697047,0.012004045716834666
2025-09-02,2496299.3368614777,0.001781062768550612
2025-09-03,2508149.5439249002,0.004747109807080152
2025-09-04,2500375.5698234206,-0.0030994858820556637
2025-09-05,2496397.975664666,-0.001590798681110006
2025-09-08,2502808.298171165,0.002567828755265733
2025-09-09,2520191.581387941,0.006945511260082471
2025-09-10,2538878.691334502,0.007414956102769654
2025-09-11,2539323.25378556,0.00017510188752822842
2025-09-12,2548266.2276221747,0.003521794172239634
2025-09-15,2552594.354261124,0.00169845936505153
2025-09-16,2569363.0531103043,0.006569276791350553
2025-09-17,2577693.7476516413,0.0032423189596550994
2025-09-18,2587446.602680973,0.0037835584767262898
2025-09-19,2589430.3422158184,0.0007666784438333796
2025-09-22,2582617.077482502,-0.0026311828598896136
2025-09-23,2583162.719576777,0.00021127487269878564
2025-09-24,2560968.8049522885,-0.00859176019237562
2025-09-25,2543368.618803505,-0.006872471899989296
2025-09-26,2505970.489750458,-0.014704171773040287
2025-09-29,2522278.2150185434,0.006507548805855912
2025-09-30,2522884.6068414953,0.00024041432834054355
2025-10-01,2541657.2760581016,0.007440954360615315
2025-10-03,2546702.8766439566,0.0019851616633697056
2025-10-06,2571496.9490893516,0.009735753892919252
2025-10-07,2570570.385568157,-0.00036032067684266256
2025-10-08,2572167.7445933633,0.0006214025627053754
2025-10-09,2585403.5262887767,0.005145769253671162
2025-10-10,2589694.138221722,0.0016595521315407868
2025-10-13,2590226.730584451,0.00020565840377373412
2025-10-14,2588605.189311823,-0.0006260229089143365
2025-10-15,2612024.281448151,0.009046992655745267
2025-10-16,2625705.968269027,0.005237963107023846
2025-10-17,2631476.5704889446,0.002197733596089657
2025-10-20,2631162.8399800924,-0.00011922223149185562
2025-10-21,2635901.548443768,0.0018009939908210093
2025-10-23,2629595.793172181,-0.0023922575087487186
2025-10-24,2628036.7940066196,-0.0005928664662491201
2025-10-27,2631780.815719284,0.0014246458501658843
2025-10-28,2612273.434902809,-0.007412236117825599
2025-10-29,2642800.2846114985,0.011685931993495657
2025-10-30,2633673.116983105,-0.0034535971868699944
2025-10-31,2628381.0341135217,-0.002009392447171021
2025-11-03,2640408.639673018,0.0045760509619385825
2025-11-04,2627319.5217713793,-0.00495723188637176
2025-11-05,2627319.5217713793,0.0
2025-11-06,2610060.57446451,-0.006569032492566018
2025-11-07,2610325.0418168595,0.00010132613585178696
2025-11-10,2629683.4219885585,0.007416080320106433
2025-11-11,2643070.8262713854,0.005090880586950508
2025-11-12,2655101.0715313978,0.004551616680277704
2025-11-13,2661753.1523844684,0.0025053964703625198
2025-11-14,2652235.4152173637,-0.0035757399812144097
2025-11-17,2656362.8447746807,0.0015562078440078952
2025-11-18,2638165.5972260553,-0.006850437463549519
2025-11-19,2657211.139300841,0.007219236766187631
2025-11-20,2653865.4429550967,-0.0012591006774962388
2025-11-21,2633242.8961513867,-0.0077707582569622735
2025-11-24,2622353.6279200963,-0.0041353071709433475
2025-11-25,2626023.486029112,0.0013994520303983737
2025-11-26,2659308.097026071,0.01267490986811004
2025-11-27,2659335.455957997,1.0287988803092674e-05
2025-11-28,2663221.575600069,0.0014613123114519677
2025-12-01,2672766.62758612,0.0035840247291103466
2025-12-02,2665411.838189681,-0.0027517514325899883
2025-12-03,2654832.503686375,-0.003969118149670825
2025-12-04,2663584.9070569393,0.003296781758702627
2025-12-05,2677554.239986963,0.0052445607770990055
2025-12-08,2644884.155572238,-0.01220146502611441
2025-12-09,2643946.106230461,-0.00035466556816887707
2025-12-10,2634101.667010095,-0.0037233887624137374
2025-12-11,2650853.083668341,0.006359441956262923
2025-12-12,2673686.1610402213,0.008613482773735415
2025-12-15,2680643.9888330433,0.002602335268143463
2025-12-16,2665873.509067526,-0.005510049013239926
2025-12-17,2661145.789354035,-0.0017734223688447015
2025-12-18,2660872.2962240474,-0.00010277269703973246
2025-12-19,2673123.712661189,0.004604285765433813
2025-12-22,2698104.432691132,0.009345141757421294
2025-12-23,2707013.7842159625,0.003302078087445981
2025-12-24,2701643.3532377505,-0.0019838949507852144
2025-12-25,2701643.3532377505,0.0
2025-12-26,2699216.982195382,-0.0008981093079738489
2025-12-29,2684230.8781531556,-0.005552019026657695
